
<dir>
<script path="./PCEP_Session_Authentication.tcl">
    <requiredTags>        
        <package value="RTG_COMMON_BLL"/><package value="RTG_COMMON_IL"/><package value="GATED_BLL"/><package value="GATED_IL"/>
        <regressionType value="DEV_CI_NIGHTLY"/>
        <hwType value="QEMU"/>
    </requiredTags>

    <optionalTags>
        <tag value="standalone"/>
    </optionalTags>

    <email value="jun.wang@spirent.com"/>
    <email value="billy.chen@spirent.com"/>
    <email value="jinhui.liu@spirent.com"/>
    <email value="yuee.pan@spirent.com"/>
    <email value="rui.xu@spirent.com"/>
    <email value="yongxiang.guo@spirent.com"/>
    <email value="yinmeng.liu@spirent.com"/>
    <email value="zhaoyong.zhong@spirent.com"/>

    <parameters>
        <cspList count="2"/>
    </parameters>
</script>
</dir>    

