
<dir>
<script path="./PCEP_4k_LSP_auto_sb_name.tcl">
    <requiredTags>        
        <package value="GATED_BLL"/><package value="GATED_IL"/>
        <regressionType value="DEV_CI"/>
        <hwType value="QEMU"/>
    </requiredTags>
    <email value="billy.chen@spirent.com"/>
    <email value="jinhui.liu@spirent.com"/>
    <email value="yuee.pan@spirent.com"/>
    <email value="rui.xu@spirent.com"/>
    <email value="yongxiang.guo@spirent.com"/>
    <email value="yinmeng.liu@spirent.com"/>
    <email value="zhaoyong.zhong@spirent.com"/>
    <parameters>
        <cspList count="2"/>
    </parameters>
</script>
</dir>    

