
<dir>
<script path="./PCEP_Modify_CMDConfig.tcl">
    <requiredTags>        
        <package value="GATED_IL"/><package value="GATED_BLL"/>
        <regressionType value="DEV_CI"/>
        <hwType value="QEMU"/>
    </requiredTags>
    
    <optionalTags>
        <!-- Disable running on labserver.  Pcap file isn't getting copied from labserver to local machine.  Need to investigate this more eventually. -->
        <tag value="standalone"/>
    </optionalTags>

    <email value="billy.chen@spirent.com"/>
    <email value="jinhui.liu@spirent.com"/>
    <email value="yuee.pan@spirent.com"/>
    <email value="rui.xu@spirent.com"/>
    <email value="yongxiang.guo@spirent.com"/>
    <email value="yinmeng.liu@spirent.com"/>
    <email value="zhaoyong.zhong@spirent.com"/>
    <parameters>
        <cspList count="2"/>
    </parameters>
</script>
</dir>    

